cycles;flops;flops/cycle
13050993.714286;14851256;1.137941
13045798.571429;14851256;1.138394
