cycles;flops;flops/cycle
4151478.956522;14450008;3.480689
4130606.000000;14450008;3.498278
