cycles;flops;flops/cycle
99079782574.000000;272384921002;2.749147
95538448188.000000;272384921002;2.851050
