cycles;flops;flops/cycle
10370040758.000000;36610967146;3.530455
10551717529.000000;36610967146;3.469669
