cycles;flops;flops/cycle
422269318.000000;1442331684;3.415668
424028154.000000;1442331684;3.401500
