cycles;flops;flops/cycle
31075992.000000;118488094;3.812850
31122855.000000;118488094;3.807109
