cycles;flops;flops/cycle
452509175240.000000;1068874448042;2.362106
452453678716.000000;1068874448042;2.362395
