cycles;flops;flops/cycle
561859.496933;1570322;2.794866
558474.134969;1570322;2.811808
