cycles;flops;flops/cycle
21360204352.000000;55153168406;2.582052
