cycles;flops;flops/cycle
18176473.000000;14235970;0.783209
