cycles;flops;flops/cycle
2791786890.000000;5320244294;1.905677
