cycles;flops;flops/cycle
1030380469.000000;926861850;0.899534
