cycles;flops;flops/cycle
156626584524.000000;445974886646;2.847377
