cycles;flops;flops/cycle
46438692.000000;40543424;0.873053
