cycles;flops;flops/cycle
89759048.000000;121410118;1.352623
89458589.000000;121410118;1.357166
