cycles;flops;flops/cycle
1342067.083333;1617930;1.205551
1344384.444444;1617930;1.203473
