cycles;flops;flops/cycle
11270995.250000;14851256;1.317653
11311254.250000;14851256;1.312963
