cycles;flops;flops/cycle
1083801453.000000;1478750424;1.364411
1081784728.000000;1478750424;1.366954
