cycles;flops;flops/cycle
27218995176.000000;37692588386;1.384790
27196982863.000000;37692588386;1.385911
