cycles;flops;flops/cycle
221976643868.000000;275306513318;1.240250
231479091568.000000;275306513318;1.189336
