cycles;flops;flops/cycle
1098602616788.000000;1072028070578;0.975811
1104729651928.000000;1072028070578;0.970399
