cycles;flops;flops/cycle
15947753492.000000;66512252323;4.170635
16242628959.000000;66512252323;4.094919
