cycles;flops;flops/cycle
586602817450.000000;2113669783715;3.603238
586086560972.000000;2113669783715;3.606412
