cycles;flops;flops/cycle
850050.054545;3042447;3.579139
844420.181818;3042447;3.603001
