cycles;flops;flops/cycle
136999025530.000000;537662753955;3.924574
157363469378.000000;537662753955;3.416694
