cycles;flops;flops/cycle
6088727.733333;25644372;4.211778
6079760.800000;25644372;4.217990
