cycles;flops;flops/cycle
457615789325.000000;364704899392;0.796967
463028095523.000000;364704899392;0.787652
