cycles;flops;flops/cycle
82769591.000000;45175168;0.545794
85073417.000000;45175168;0.531014
