cycles;flops;flops/cycle
40110915197.000000;16745437568;0.417478
40158880452.000000;16745437568;0.416980
