cycles;flops;flops/cycle
6872232381.000000;3939637632;0.573269
7067843020.000000;3939637632;0.557403
