cycles;flops;flops/cycle
91774526.000000;121410118;1.322917
92163336.000000;121410118;1.317336
