cycles;flops;flops/cycle
224955987164.000000;275306513318;1.223824
235915626030.000000;275306513318;1.166970
