cycles;flops;flops/cycle
7854685597.000000;26688083626;3.397728
8004581291.000000;26688083626;3.334101
8000630788.000000;26688083626;3.335747
