cycles;flops;flops/cycle
60098669.000000;207636190;3.454922
57390584.000000;207636190;3.617949
57542670.000000;207636190;3.608386
