cycles;flops;flops/cycle
673034.958904;1788946;2.658028
