cycles;flops;flops/cycle
551555602.000000;1872828900;3.395540
550539043.000000;1872828900;3.401809
548979688.000000;1872828900;3.411472
