cycles;flops;flops/cycle
10102261403.000000;36610967146;3.624037
9996879515.000000;36610967146;3.662240
10156201055.000000;36610967146;3.604790
