cycles;flops;flops/cycle
552603.988024;1570322;2.841677
551582.778443;1570322;2.846938
551113.101796;1570322;2.849364
