cycles;flops;flops/cycle
394629998.000000;1442331684;3.654896
392086360.000000;1442331684;3.678607
407546890.000000;1442331684;3.539057
