cycles;flops;flops/cycle
105886451118.000000;272384921002;2.572425
106041505430.000000;272384921002;2.568663
104042336236.000000;272384921002;2.618020
