cycles;flops;flops/cycle
459949390788.000000;1068874448042;2.323896
