cycles;flops;flops/cycle
4197596.521739;14450008;3.442448
4189934.260870;14450008;3.448743
4190805.391304;14450008;3.448026
