cycles;flops;flops/cycle
30628704.000000;118488094;3.868531
30042510.000000;118488094;3.944014
30009141.000000;118488094;3.948400
