cycles;flops;flops/cycle
429961520912.000000;1068874448042;2.485977
430019703626.000000;1068874448042;2.485641
429898264472.000000;1068874448042;2.486343
