cycles;flops;flops/cycle
53200896884.000000;139637953962;2.624729
