cycles;flops;flops/cycle
3158571.250000;10693912;3.385680
3151794.875000;10693912;3.392959
3147286.375000;10693912;3.397820
