cycles;flops;flops/cycle
722742.752000;1570322;2.172726
700687.760000;1570322;2.241115
