cycles;flops;flops/cycle
6007155.846154;14450008;2.405466
4712289.538462;14450008;3.066452
