cycles;flops;flops/cycle
567386161.000000;1442331684;2.542064
619195349.000000;1442331684;2.329365
