cycles;flops;flops/cycle
221071268016.000000;272384921002;1.232114
203244341032.000000;272384921002;1.340185
