cycles;flops;flops/cycle
18681777592.000000;36610967146;1.959715
19936552834.000000;36610967146;1.836374
