cycles;flops;flops/cycle
767217764848.000000;1068874448042;1.393183
764591114966.000000;1068874448042;1.397969
