cycles;flops;flops/cycle
40050097.000000;118488094;2.958497
41302286.000000;118488094;2.868802
