cycles;flops;flops/cycle
198900861168.000000;275306513318;1.384139
203959938582.000000;275306513318;1.349807
