cycles;flops;flops/cycle
10150110.666667;14851256;1.463162
10070893.333333;14851256;1.474671
