cycles;flops;flops/cycle
24819785708.000000;37692588386;1.518651
24764780634.000000;37692588386;1.522024
