cycles;flops;flops/cycle
38917287226.000000;64615794626;1.660337
38940632378.000000;64615794626;1.659341
