cycles;flops;flops/cycle
310102275154.000000;531958185750;1.715428
312032888342.000000;531958185750;1.704814
