cycles;flops;flops/cycle
1900797.680000;2952066;1.553067
1904236.600000;2952066;1.550262
