cycles;flops;flops/cycle
137342006044.000000;537662753955;3.914773
155510194400.000000;537662753955;3.457412
