cycles;flops;flops/cycle
849146.763636;3042447;3.582946
847774.436364;3042447;3.588746
