cycles;flops;flops/cycle
532881406.000000;2353884510;4.417276
555109571.000000;2353884510;4.240396
