cycles;flops;flops/cycle
39899776.000000;186326041;4.669852
39854870.000000;186326041;4.675114
