cycles;flops;flops/cycle
6228436.375000;25644372;4.117305
6199097.875000;25644372;4.136791
