cycles;flops;flops/cycle
15801916543.000000;66512252323;4.209126
15953297424.000000;66512252323;4.169185
