cycles;flops;flops/cycle
588331358518.000000;2113669783715;3.592652
585045645040.000000;2113669783715;3.612829
