cycles;flops;flops/cycle
240603239678.000000;64615794626;0.268557
240770244031.000000;64615794626;0.268371
