cycles;flops;flops/cycle
2348729.238095;1617930;0.688853
2324404.714286;1617930;0.696062
