cycles;flops;flops/cycle
1796083811.000000;1478750424;0.823319
1791164183.000000;1478750424;0.825581
