cycles;flops;flops/cycle
778952.084034;3042447;3.905820
786573.764706;3042447;3.867974
