cycles;flops;flops/cycle
14884349555.000000;66512252323;4.468603
15064675956.000000;66512252323;4.415113
