cycles;flops;flops/cycle
140623676694.000000;537662753955;3.823416
145763390676.000000;537662753955;3.688599
