cycles;flops;flops/cycle
595327690694.000000;2113669783715;3.550431
600515230578.000000;2113669783715;3.519760
