cycles;flops;flops/cycle
1307321443.000000;1478750424;1.131130
1302973215.000000;1478750424;1.134905
