cycles;flops;flops/cycle
268900735092.000000;275306513318;1.023822
276037775892.000000;275306513318;0.997351
