cycles;flops;flops/cycle
33285591281.000000;37692588386;1.132400
33287950899.000000;37692588386;1.132319
