cycles;flops;flops/cycle
106575206.000000;121410118;1.139197
107719484.000000;121410118;1.127095
