cycles;flops;flops/cycle
13530553.714286;14851256;1.097609
13414564.571429;14851256;1.107099
