cycles;flops;flops/cycle
1204095155848.000000;1072028070578;0.890318
1206106733078.000000;1072028070578;0.888834
