cycles;flops;flops/cycle
1597702.452830;1617930;1.012660
1590931.396226;1617930;1.016970
