cycles;flops;flops/cycle
267855005626.000000;275306513318;1.027819
279889608062.000000;275306513318;0.983625
