cycles;flops;flops/cycle
48650306253.000000;37692588386;0.774766
48676753525.000000;37692588386;0.774345
