cycles;flops;flops/cycle
146831244.000000;121410118;0.826868
145930023.000000;121410118;0.831975
