cycles;flops;flops/cycle
1156949382384.000000;1072028070578;0.926599
1144751264082.000000;1072028070578;0.936472
