cycles;flops;flops/cycle
19395543.600000;14851256;0.765705
19357316.800000;14851256;0.767217
