cycles;flops;flops/cycle
107489558905.000000;119377667200;1.110598
