cycles;flops;flops/cycle
459096085773.000000;364704899392;0.794398
474217580064.000000;364704899392;0.769067
