cycles;flops;flops/cycle
37777452785.000000;27735521664;0.734182
38060640301.000000;27735521664;0.728719
