cycles;flops;flops/cycle
79118359.000000;45175168;0.570982
79197833.000000;45175168;0.570409
