cycles;flops;flops/cycle
29747444.000000;23048576;0.774809
