cycles;flops;flops/cycle
9161864777.000000;9654344064;1.053753
