cycles;flops;flops/cycle
1718531228.000000;1566873984;0.911752
