cycles;flops;flops/cycle
6125605325.000000;3939637632;0.643143
6158216333.000000;3939637632;0.639737
