cycles;flops;flops/cycle
1933823462386.000000;1985213186432;1.026574
