cycles;flops;flops/cycle
279039394.000000;201140608;0.720832
279331546.000000;201140608;0.720078
