cycles;flops;flops/cycle
72623566.000000;70881664;0.976015
