cycles;flops;flops/cycle
467077857836.000000;1068874448042;2.288429
467454800716.000000;1068874448042;2.286584
