cycles;flops;flops/cycle
114554989250.000000;272384921002;2.377766
108394491438.000000;272384921002;2.512904
