cycles;flops;flops/cycle
4993634.842105;14450008;2.893685
4988882.000000;14450008;2.896442
