cycles;flops;flops/cycle
670046.638298;1570322;2.343601
664224.950355;1570322;2.364142
