cycles;flops;flops/cycle
12538342041.000000;36610967146;2.919921
12545093679.000000;36610967146;2.918349
