cycles;flops;flops/cycle
480994082.000000;1442331684;2.998647
482565465.000000;1442331684;2.988883
