cycles;flops;flops/cycle
38112424.000000;118488094;3.108910
37912220.000000;118488094;3.125327
