cycles;flops;flops/cycle
10541720.888889;14851256;1.408808
10495271.777778;14851256;1.415043
