cycles;flops;flops/cycle
83425247.000000;121410118;1.455316
82479399.000000;121410118;1.472005
