cycles;flops;flops/cycle
1285216.560000;1617930;1.258877
1290900.400000;1617930;1.253334
