cycles;flops;flops/cycle
1179960458452.000000;1072028070578;0.908529
1179882163056.000000;1072028070578;0.908589
