cycles;flops;flops/cycle
1022235011.000000;1478750424;1.446586
1022815156.000000;1478750424;1.445765
