cycles;flops;flops/cycle
212141005416.000000;275306513318;1.297752
218742929090.000000;275306513318;1.258585
