cycles;flops;flops/cycle
26070154630.000000;37692588386;1.445814
25984632320.000000;37692588386;1.450572
