cycles;flops;flops/cycle
26129482199.000000;44045415082;1.685660
26142150508.000000;44045415082;1.684843
26111322811.000000;44045415082;1.686832
