cycles;flops;flops/cycle
26772891091.000000;44045415082;1.645150
26723261536.000000;44045415082;1.648205
26746127699.000000;44045415082;1.646796
