cycles;flops;flops/cycle
2702421.828571;4630442;1.713442
2684254.571429;4630442;1.725038
2660150.800000;4630442;1.740669
