cycles;flops;flops/cycle
1609723057.000000;3303256612;2.052065
1602328190.000000;3303256612;2.061536
1641704020.000000;3303256612;2.012090
