cycles;flops;flops/cycle
3007368.375000;4630442;1.539699
