cycles;flops;flops/cycle
243200795.000000;420087458;1.727328
242705620.000000;420087458;1.730852
242315240.000000;420087458;1.733640
