cycles;flops;flops/cycle
1804048674.000000;3303256612;1.831024
1803173155.000000;3303256612;1.831913
1802433774.000000;3303256612;1.832665
