cycles;flops;flops/cycle
5426140879316.000000;8808498635084;1.623345
