cycles;flops;flops/cycle
5814002115708.000000;8808498635084;1.515049
