cycles;flops;flops/cycle
524909179772.000000;835867565368;1.592404
