cycles;flops;flops/cycle
575151669964.000000;835867565368;1.453299
