cycles;flops;flops/cycle
10924506.250000;22201384;2.032255
