cycles;flops;flops/cycle
12289157.500000;22201384;1.806583
12115760.000000;22201384;1.832438
12110722.250000;22201384;1.833201
