cycles;flops;flops/cycle
2373250.341463;1617930;0.681736
2381300.682927;1617930;0.679431
