cycles;flops;flops/cycle
50428935453.000000;37692588386;0.747440
50419084413.000000;37692588386;0.747586
