cycles;flops;flops/cycle
1869148614.000000;1478750424;0.791136
1872132209.000000;1478750424;0.789875
