cycles;flops;flops/cycle
19752970.400000;14851256;0.751849
19654618.400000;14851256;0.755612
