cycles;flops;flops/cycle
1322041537608.000000;1072028070578;0.810888
1321825509342.000000;1072028070578;0.811021
