cycles;flops;flops/cycle
150778000.000000;121410118;0.805224
151183726.000000;121410118;0.803063
