cycles;flops;flops/cycle
102659000.000000;121410118;1.182654
102765574.000000;121410118;1.181428
