cycles;flops;flops/cycle
291489920878.000000;275306513318;0.944480
300547337966.000000;275306513318;0.916017
