cycles;flops;flops/cycle
1254135901.000000;1478750424;1.179099
1255150901.000000;1478750424;1.178146
