cycles;flops;flops/cycle
136066396972.000000;537662753955;3.951473
149689649086.000000;537662753955;3.591850
