cycles;flops;flops/cycle
14888771332.000000;66512252323;4.467276
15026606652.000000;66512252323;4.426299
