cycles;flops;flops/cycle
782080.854701;3042447;3.890195
780979.367521;3042447;3.895682
