cycles;flops;flops/cycle
37700884.000000;186326041;4.942219
37743380.000000;186326041;4.936655
