cycles;flops;flops/cycle
16943554226.000000;36599609571;2.160090
16935932428.000000;36599609571;2.161063
16938964191.000000;36599609571;2.160676
