cycles;flops;flops/cycle
22728376957.000000;35794672170;1.574889
22734779546.000000;35794672170;1.574446
22670141112.000000;35794672170;1.578935
