cycles;flops;flops/cycle
1696140865.000000;2644564388;1.559166
1695166408.000000;2644564388;1.560062
1698284498.000000;2644564388;1.557198
