cycles;flops;flops/cycle
2359591.268293;3491626;1.479759
2358545.658537;3491626;1.480415
2368048.195122;3491626;1.474474
