cycles;flops;flops/cycle
147634767.000000;337371417;2.285176
146520482.000000;337371417;2.302555
146528979.000000;337371417;2.302421
