cycles;flops;flops/cycle
1707427.192982;3602447;2.109869
