cycles;flops;flops/cycle
1253182470.000000;2708823262;2.161555
1251843457.000000;2708823262;2.163867
1252040702.000000;2708823262;2.163527
