cycles;flops;flops/cycle
289955247278.000000;537662753955;1.854296
286922304178.000000;537662753955;1.873897
290309255008.000000;537662753955;1.852034
