cycles;flops;flops/cycle
29970910592.000000;66512252323;2.219227
29844956196.000000;66512252323;2.228593
29820179491.000000;66512252323;2.230444
