cycles;flops;flops/cycle
11355847.000000;25644372;2.258253
11424223.500000;25644372;2.244737
11333985.500000;25644372;2.262609
