cycles;flops;flops/cycle
1307030111836.000000;2113669783715;1.617155
1293998449634.000000;2113669783715;1.633441
1293718009680.000000;2113669783715;1.633795
