cycles;flops;flops/cycle
1551199110104.000000;2107465483402;1.358604
