cycles;flops;flops/cycle
1424113.478261;3042447;2.136380
1417473.507246;3042447;2.146387
1417313.536232;3042447;2.146629
