cycles;flops;flops/cycle
82386456.000000;186326041;2.261610
82413604.000000;186326041;2.260865
82309500.000000;186326041;2.263725
