cycles;flops;flops/cycle
1090183429.000000;2353884510;2.159164
1089427983.000000;2353884510;2.160661
1089201983.000000;2353884510;2.161109
