cycles;flops;flops/cycle
1305362188690.000000;2113669783715;1.619221
