cycles;flops;flops/cycle
140731368966.000000;267324530595;1.899538
