cycles;flops;flops/cycle
163562674966.000000;264665422890;1.618128
