cycles;flops;flops/cycle
10831529.555556;17787816;1.642226
