cycles;flops;flops/cycle
8214914.166667;18218004;2.217674
8137191.500000;18218004;2.238856
8151193.000000;18218004;2.235011
