cycles;flops;flops/cycle
263530703496.000000;275306513318;1.044685
271942336656.000000;275306513318;1.012371
