cycles;flops;flops/cycle
1175207189774.000000;1072028070578;0.912203
1179412021080.000000;1072028070578;0.908951
