cycles;flops;flops/cycle
103838774.000000;121410118;1.169218
103130102.000000;121410118;1.177252
