cycles;flops;flops/cycle
1251397442.000000;1478750424;1.181679
1252309480.000000;1478750424;1.180819
