cycles;flops;flops/cycle
32186218057.000000;37692588386;1.171079
32190307797.000000;37692588386;1.170930
