cycles;flops;flops/cycle
1544448.774194;1617930;1.047578
1541219.483871;1617930;1.049773
