cycles;flops;flops/cycle
1106967787258.000000;1072028070578;0.968437
1096025002292.000000;1072028070578;0.978105
