cycles;flops;flops/cycle
78742540.000000;121410118;1.541862
79279177.000000;121410118;1.531425
