cycles;flops;flops/cycle
1232236.133333;1617930;1.313003
1224465.626667;1617930;1.321336
