cycles;flops;flops/cycle
970159034.000000;1478750424;1.524235
971917482.000000;1478750424;1.521477
