cycles;flops;flops/cycle
2704135957.000000;2300104800;0.850588
2707190483.000000;2300104800;0.849628
