cycles;flops;flops/cycle
83446513121.000000;64615794626;0.774338
83215348960.000000;64615794626;0.776489
