cycles;flops;flops/cycle
20798048861.000000;35794672170;1.721059
20785263517.000000;35794672170;1.722118
20822022371.000000;35794672170;1.719078
