cycles;flops;flops/cycle
22577748768.000000;35794672170;1.585396
22647541096.000000;35794672170;1.580510
22563208019.000000;35794672170;1.586418
