cycles;flops;flops/cycle
2353791.951220;3491626;1.483405
