cycles;flops;flops/cycle
2374316.250000;3491626;1.470582
2359454.850000;3491626;1.479844
2359869.800000;3491626;1.479584
