cycles;flops;flops/cycle
1545266392.000000;2644564388;1.711397
1543708882.000000;2644564388;1.713124
1542731929.000000;2644564388;1.714209
