cycles;flops;flops/cycle
192431110.000000;328431138;1.706747
191794086.000000;328431138;1.712415
191957161.000000;328431138;1.710961
