cycles;flops;flops/cycle
1682687387.000000;2644564388;1.571631
1685655760.000000;2644564388;1.568864
1683507707.000000;2644564388;1.570866
