cycles;flops;flops/cycle
1289941986.000000;2300104800;1.783107
1287671005.000000;2300104800;1.786252
1291551784.000000;2300104800;1.780885
