cycles;flops;flops/cycle
101205350.000000;182369870;1.801979
99380415.000000;182369870;1.835069
100009685.000000;182369870;1.823522
