cycles;flops;flops/cycle
14334660.000000;24974712;1.742261
14293966.000000;24974712;1.747221
14279473.333333;24974712;1.748994
