cycles;flops;flops/cycle
1444379584314.000000;2107465483402;1.459080
1444958147826.000000;2107465483402;1.458496
1444884233224.000000;2107465483402;1.458570
