cycles;flops;flops/cycle
1856918.192308;2952066;1.589766
1851468.576923;2952066;1.594446
1843893.576923;2952066;1.600996
