cycles;flops;flops/cycle
1452033272912.000000;2107465483402;1.451389
