cycles;flops;flops/cycle
301529632884.000000;531958185750;1.764199
302068065306.000000;531958185750;1.761054
305971142452.000000;531958185750;1.738589
