cycles;flops;flops/cycle
37349565916.000000;64615794626;1.730028
37483350091.000000;64615794626;1.723853
37519686381.000000;64615794626;1.722184
