cycles;flops;flops/cycle
1457907516356.000000;2107465483402;1.445541
