cycles;flops;flops/cycle
152941882032.000000;264665422890;1.730497
