cycles;flops;flops/cycle
162962592496.000000;264665422890;1.624087
