cycles;flops;flops/cycle
10785911.333333;17787816;1.649171
