cycles;flops;flops/cycle
10893338.000000;17787816;1.632908
10472872.000000;17787816;1.698466
10420098.750000;17787816;1.707068
