cycles;flops;flops/cycle
590228955528.000000;2113669783715;3.581101
593414240024.000000;2113669783715;3.561879
