cycles;flops;flops/cycle
508194168.000000;2353884510;4.631861
503400773.000000;2353884510;4.675965
