cycles;flops;flops/cycle
38424399.000000;186326041;4.849160
38449630.000000;186326041;4.845977
