cycles;flops;flops/cycle
834012.191304;3042447;3.647965
816418.417391;3042447;3.726578
