cycles;flops;flops/cycle
5794975.764706;25644372;4.425277
5811575.058824;25644372;4.412637
