cycles;flops;flops/cycle
255482865020;124419726678;0.486998
253527802140;124419726678;0.490754
255965167794;124419726678;0.486081
