cycles;flops;flops/cycle
733873606554;124419726678;0.169538
733003477394;124419726678;0.169740
734031931838;124419726678;0.169502
