cycles;flops;flops/cycle
147023316;18473254;0.125648
151048692;18473254;0.122300
155123510;18473254;0.119087
