cycles;flops;flops/cycle
12333022654;1658980470;0.134515
12303964524;1658980470;0.134833
12341552914;1658980470;0.134422
