cycles;flops;flops/cycle
5074951102;1658980470;0.326896
5085419708;1658980470;0.326223
5097808064;1658980470;0.325430
