cycles;flops;flops/cycle
65584340;18473254;0.281672
65598620;18473254;0.281610
65325616;18473254;0.282787
