cycles;flops;flops/cycle
28101636804;11097942086;0.394922
28048521916;11097942086;0.395669
28642557286;11097942086;0.387463
