cycles;flops;flops/cycle
74682680694;11097942086;0.148601
74584302208;11097942086;0.148797
74776068320;11097942086;0.148416
