cycles;flops;flops/cycle
9150894689412;3430856966326;0.374920
9893458297348;3430856966326;0.346780
9881088298638;3430856966326;0.347214
