cycles;flops;flops/cycle
783241778;109765766;0.140143
785495144;109765766;0.139741
782907374;109765766;0.140203
