cycles;flops;flops/cycle
317288246;109765766;0.345950
316337788;109765766;0.346989
316721374;109765766;0.346569
