cycles;flops;flops/cycle
10913891687.000000;36610967146;3.354529
11239396407.000000;36610967146;3.257378
