cycles;flops;flops/cycle
4167486.521739;14450008;3.467320
4211934.521739;14450008;3.430729
