cycles;flops;flops/cycle
31034030.000000;118488094;3.818005
31034122.000000;118488094;3.817994
