cycles;flops;flops/cycle
103233639650.000000;272384921002;2.638529
107286831168.000000;272384921002;2.538848
