cycles;flops;flops/cycle
414836268.000000;1442331684;3.476870
408154431.000000;1442331684;3.533789
