cycles;flops;flops/cycle
446990433836.000000;1068874448042;2.391269
447188134746.000000;1068874448042;2.390212
