cycles;flops;flops/cycle
575742.559006;1570322;2.727473
581972.993789;1570322;2.698273
