cycles;flops;flops/cycle
47583187188.000000;64615794626;1.357954
47479094922.000000;64615794626;1.360931
