cycles;flops;flops/cycle
2280415.428571;2952066;1.294530
2275228.809524;2952066;1.297481
