cycles;flops;flops/cycle
131395923.000000;182369870;1.387942
130731440.000000;182369870;1.394996
