cycles;flops;flops/cycle
419889634142.000000;531958185750;1.266900
419989623080.000000;531958185750;1.266598
