cycles;flops;flops/cycle
1955384342722.000000;2107465483402;1.077776
1954067994036.000000;2107465483402;1.078502
