cycles;flops;flops/cycle
58326768107.000000;64615794626;1.107824
58406957417.000000;64615794626;1.106303
