cycles;flops;flops/cycle
58193256066.000000;64615794626;1.110366
58304178825.000000;64615794626;1.108253
