cycles;flops;flops/cycle
22544990.000000;24974712;1.107772
22528068.000000;24974712;1.108604
