cycles;flops;flops/cycle
502318527728.000000;531958185750;1.059006
502789410440.000000;531958185750;1.058014
