cycles;flops;flops/cycle
789061.957447;3042447;3.855777
788032.468085;3042447;3.860814
