cycles;flops;flops/cycle
491826543.000000;2353884510;4.786005
492951344.000000;2353884510;4.775085
