cycles;flops;flops/cycle
14337373.428571;24974712;1.741931
14211909.428571;24974712;1.757309
