cycles;flops;flops/cycle
37193934514.000000;64615794626;1.737267
37200717498.000000;64615794626;1.736950
