cycles;flops;flops/cycle
1442660818850.000000;2107465483402;1.460818
1444368141612.000000;2107465483402;1.459092
