cycles;flops;flops/cycle
189902551930.000000;275306513318;1.449725
199819995824.000000;275306513318;1.377773
