cycles;flops;flops/cycle
76712287.000000;121410118;1.582668
76564534.000000;121410118;1.585723
