cycles;flops;flops/cycle
24206546200.000000;37692588386;1.557124
24184557320.000000;37692588386;1.558540
