cycles;flops;flops/cycle
9974392.222222;14851256;1.488938
9926466.444444;14851256;1.496127
