cycles;flops;flops/cycle
310432156028.000000;531958185750;1.713605
309416257450.000000;531958185750;1.719232
