cycles;flops;flops/cycle
38966713475.000000;64615794626;1.658231
39148489223.000000;64615794626;1.650531
