cycles;flops;flops/cycle
15097216.666667;24974712;1.654259
14922474.000000;24974712;1.673631
