cycles;flops;flops/cycle
102474992.000000;182369870;1.779652
102280566.000000;182369870;1.783035
