cycles;flops;flops/cycle
1927238.080000;2952066;1.531760
1928726.000000;2952066;1.530578
