cycles;flops;flops/cycle
1356101479.000000;2300104800;1.696116
1352294151.000000;2300104800;1.700891
