cycles;flops;flops/cycle
14763543.333333;24974712;1.691648
14815400.000000;24974712;1.685726
