cycles;flops;flops/cycle
1444544985458.000000;2107465483402;1.458913
1447118941124.000000;2107465483402;1.456318
