cycles;flops;flops/cycle
101748147.000000;182369870;1.792366
101793061.000000;182369870;1.791575
