cycles;flops;flops/cycle
532882066.000000;121410118;0.227837
521003599.000000;121410118;0.233031
