cycles;flops;flops/cycle
5247432461756.000000;1072028070578;0.204296
5254949004628.000000;1072028070578;0.204004
