cycles;flops;flops/cycle
64669799.000000;14851256;0.229647
64129152.000000;14851256;0.231584
