cycles;flops;flops/cycle
7054311.692308;1617930;0.229353
7061118.307692;1617930;0.229132
