cycles;flops;flops/cycle
4013668.333333;2952066;0.735503
4015093.833333;2952066;0.735242
