cycles;flops;flops/cycle
31488161.000000;24974712;0.793146
31187912.000000;24974712;0.800782
