cycles;flops;flops/cycle
206118641.000000;182369870;0.884781
206916887.000000;182369870;0.881368
