cycles;flops;flops/cycle
2050561158202.000000;2107465483402;1.027751
2050561610826.000000;2107465483402;1.027750
