cycles;flops;flops/cycle
533921129368.000000;531958185750;0.996324
534096787030.000000;531958185750;0.995996
