cycles;flops;flops/cycle
37192469626.000000;64615794626;1.737335
37364433422.000000;64615794626;1.729340
