cycles;flops;flops/cycle
98919768.000000;182369870;1.843614
98770336.000000;182369870;1.846403
