cycles;flops;flops/cycle
14355873.333333;24974712;1.739686
14271362.000000;24974712;1.749988
