cycles;flops;flops/cycle
1440251585270.000000;2107465483402;1.463262
1440594222764.000000;2107465483402;1.462914
