cycles;flops;flops/cycle
5616310.235294;25644372;4.566053
5605811.647059;25644372;4.574605
