cycles;flops;flops/cycle
144655159362.000000;537662753955;3.716858
150847923160.000000;537662753955;3.564270
