cycles;flops;flops/cycle
595721708242.000000;2113669783715;3.548083
593515220340.000000;2113669783715;3.561273
