cycles;flops;flops/cycle
776401.150000;3042447;3.918653
775220.916667;3042447;3.924619
