cycles;flops;flops/cycle
160221543.000000;182369870;1.138236
159970155.000000;182369870;1.140024
