cycles;flops;flops/cycle
1911830483012.000000;2107465483402;1.102329
1910155980106.000000;2107465483402;1.103295
