cycles;flops;flops/cycle
2046528576.000000;2300104800;1.123906
2043027371.000000;2300104800;1.125832
