cycles;flops;flops/cycle
2799407.176471;2952066;1.054533
2815724.235294;2952066;1.048422
