cycles;flops;flops/cycle
21397397668.000000;23586823594;1.102322
21361597360.000000;23586823594;1.104169
21380148477.000000;23586823594;1.103211
