cycles;flops;flops/cycle
2371563.028571;2483626;1.047253
2346769.428571;2483626;1.058317
2337397.714286;2483626;1.062560
