cycles;flops;flops/cycle
1654501992.000000;1767432604;1.068257
1584953031.000000;1767432604;1.115132
1591785968.000000;1767432604;1.110346
