cycles;flops;flops/cycle
1406587285784.000000;1094794477902;0.778334
