cycles;flops;flops/cycle
165797875764.000000;150043377958;0.904978
