cycles;flops;flops/cycle
11562277.250000;12751876;1.102886
