cycles;flops;flops/cycle
1492820303782.000000;2107465483402;1.411734
1493478994530.000000;2107465483402;1.411112
