cycles;flops;flops/cycle
1358708437.000000;2300104800;1.692861
1377962134.000000;2300104800;1.669208
