cycles;flops;flops/cycle
10127192.888889;14851256;1.466473
12852025.777778;14851256;1.155558
