cycles;flops;flops/cycle
990273899.000000;1478750424;1.493274
964591760.000000;1478750424;1.533032
