cycles;flops;flops/cycle
1231483.135135;1617930;1.313806
1234122.432432;1617930;1.310996
