cycles;flops;flops/cycle
1123642961604.000000;1072028070578;0.954065
1144517773240.000000;1072028070578;0.936664
