cycles;flops;flops/cycle
214426240874.000000;275306513318;1.283922
223167074238.000000;275306513318;1.233634
