cycles;flops;flops/cycle
79373244.000000;121410118;1.529610
79852327.000000;121410118;1.520433
