cycles;flops;flops/cycle
25611344718.000000;37692588386;1.471715
25336987984.000000;37692588386;1.487651
