cycles;flops;flops/cycle
87933934.000000;121410118;1.380697
90420234.000000;121410118;1.342732
