cycles;flops;flops/cycle
1059435196.000000;1478750424;1.395791
1058923024.000000;1478750424;1.396466
