cycles;flops;flops/cycle
595428733612.000000;2113669783715;3.549828
595569658962.000000;2113669783715;3.548988
