cycles;flops;flops/cycle
14414279027.000000;66512252323;4.614331
14473674056.000000;66512252323;4.595395
