cycles;flops;flops/cycle
5650937.875000;25644372;4.538074
5618682.875000;25644372;4.564125
