cycles;flops;flops/cycle
140693013884.000000;537662753955;3.821531
147938229000.000000;537662753955;3.634373
