cycles;flops;flops/cycle
37218091.000000;186326041;5.006330
37561961.000000;186326041;4.960498
