cycles;flops;flops/cycle
10670573488;3727883028;0.349361
10676982776;3727883028;0.349151
10674132474;3727883028;0.349245
