cycles;flops;flops/cycle
195239375950;63663441124;0.326079
195427894774;63663441124;0.325764
195279047900;63663441124;0.326013
