cycles;flops;flops/cycle
5092624829028;1572835409204;0.308846
5079138619872;1572835409204;0.309666
5240177029974;1572835409204;0.300149
