cycles;flops;flops/cycle
1127610726;373787524;0.331486
1129326054;373787524;0.330983
1129254654;373787524;0.331004
