cycles;flops;flops/cycle
157350018;44390996;0.282116
154692784;44390996;0.286962
155134138;44390996;0.286146
