cycles;flops;flops/cycle
89026261948.000000;46375786880;0.520923
