cycles;flops;flops/cycle
1533220809.000000;768653696;0.501333
