cycles;flops;flops/cycle
19006325.200000;9259392;0.487174
