cycles;flops;flops/cycle
10336386613.000000;5240330624;0.506979
