cycles;flops;flops/cycle
14413057.000000;7117184;0.493801
