cycles;flops;flops/cycle
392469420391.000000;186317552000;0.474731
