cycles;flops;flops/cycle
98462010.000000;49838464;0.506169
