cycles;flops;flops/cycle
11231909408.000000;5632563584;0.501479
