cycles;flops;flops/cycle
750253674.000000;382597504;0.509958
