cycles;flops;flops/cycle
13787734904864.000000;6320226441600;0.458395
