cycles;flops;flops/cycle
3203638180638.000000;1556690089408;0.485913
