cycles;flops;flops/cycle
67152678.000000;34369920;0.511818
