cycles;flops;flops/cycle
219035575180.000000;143882977280;0.656893
152334423194.000000;143882977280;0.944520
