cycles;flops;flops/cycle
299880476537.000000;133698239936;0.445838
297680248768.000000;133698239936;0.449134
