cycles;flops;flops/cycle
725672611.000000;562135040;0.774640
569916764.000000;562135040;0.986346
