cycles;flops;flops/cycle
114983746.000000;42111360;0.366238
115053365.000000;42111360;0.366016
