cycles;flops;flops/cycle
13459588608.000000;8992980992;0.668147
11654572004.000000;8992980992;0.771627
