cycles;flops;flops/cycle
2181611.333333;2201600;1.009162
1966429.843137;2201600;1.119592
