cycles;flops;flops/cycle
7942611468.000000;3116874112;0.392424
8058573686.000000;3116874112;0.386777
