cycles;flops;flops/cycle
14652741.000000;13209600;0.901511
14595536.333333;13209600;0.905044
