cycles;flops;flops/cycle
69183295063.000000;17985961984;0.259976
68292320577.000000;17985961984;0.263367
