cycles;flops;flops/cycle
3642436415.000000;1124270080;0.308659
3645919999.000000;1124270080;0.308364
