cycles;flops;flops/cycle
39318571718.000000;27735521664;0.705405
39564912818.000000;27735521664;0.701013
