cycles;flops;flops/cycle
397413014.000000;159148416;0.400461
402128237.000000;159148416;0.395765
