cycles;flops;flops/cycle
327142402.000000;201140608;0.614841
362885052.000000;201140608;0.554282
