cycles;flops;flops/cycle
230424895.000000;70303744;0.305105
227284756.000000;70303744;0.309320
