cycles;flops;flops/cycle
35128396.000000;35151872;1.000668
28103961.000000;35151872;1.250780
