cycles;flops;flops/cycle
41487351560.000000;32212200099;0.776434
