cycles;flops;flops/cycle
27885557.000000;11166941;0.400456
