cycles;flops;flops/cycle
1569555060.000000;675499195;0.430376
