cycles;flops;flops/cycle
5103355724.000000;3507034275;0.687202
