cycles;flops;flops/cycle
299276338033.000000;238927205923;0.798350
