cycles;flops;flops/cycle
81762587.000000;27681030;0.338554
