cycles;flops;flops/cycle
10480815761.000000;36610967146;3.493141
10736326895.000000;36610967146;3.410009
