cycles;flops;flops/cycle
108235701654.000000;272384921002;2.516590
105201528462.000000;272384921002;2.589173
