cycles;flops;flops/cycle
458932026338.000000;1068874448042;2.329047
458764550630.000000;1068874448042;2.329898
