cycles;flops;flops/cycle
4157796.000000;14450008;3.475401
4175651.478261;14450008;3.460540
