cycles;flops;flops/cycle
403847619.000000;1442331684;3.571475
419076485.000000;1442331684;3.441691
