cycles;flops;flops/cycle
746612.590361;1570322;2.103262
797345.096386;1570322;1.969438
