cycles;flops;flops/cycle
31153608.000000;118488094;3.803351
30633059.000000;118488094;3.867981
