cycles;flops;flops/cycle
958107114656.000000;1072028070578;1.118902
966045800976.000000;1072028070578;1.109707
