cycles;flops;flops/cycle
957896402.000000;1478750424;1.543748
957603270.000000;1478750424;1.544220
