cycles;flops;flops/cycle
1201923.456790;1617930;1.346117
1198771.481481;1617930;1.349657
