cycles;flops;flops/cycle
35977856483.000000;30699837206;0.853298
