cycles;flops;flops/cycle
1370511559.000000;613964058;0.447982
