cycles;flops;flops/cycle
23828232.000000;9997378;0.419560
