cycles;flops;flops/cycle
4432292196.000000;3230944070;0.728956
