cycles;flops;flops/cycle
274785553587.000000;233728733174;0.850586
