cycles;flops;flops/cycle
61729669.000000;25690304;0.416174
