cycles;flops;flops/cycle
32661071119.000000;50290303202;1.539763
32733875311.000000;50290303202;1.536338
32657516254.000000;50290303202;1.539930
