cycles;flops;flops/cycle
3325129.793103;4394346;1.321556
3314099.931034;4394346;1.325955
3313158.344828;4394346;1.326331
