cycles;flops;flops/cycle
2263007193.000000;3590243292;1.586492
2260387413.000000;3590243292;1.588331
2268943906.000000;3590243292;1.582341
