cycles;flops;flops/cycle
6000006200794.000000;8801107330528;1.466850
