cycles;flops;flops/cycle
713384711366.000000;970153168264;1.359930
