cycles;flops;flops/cycle
16036643.000000;26530172;1.654347
