cycles;flops;flops/cycle
5699723.294118;25644372;4.499231
5690734.705882;25644372;4.506338
