cycles;flops;flops/cycle
38180680.000000;186326041;4.880113
38242924.000000;186326041;4.872170
