cycles;flops;flops/cycle
494216658.000000;2353884510;4.762860
498366624.000000;2353884510;4.723199
