cycles;flops;flops/cycle
1065285761662.000000;1072028070578;1.006329
1062860458940.000000;1072028070578;1.008625
