cycles;flops;flops/cycle
1268826.933333;1617930;1.275138
1267821.066667;1617930;1.276150
