cycles;flops;flops/cycle
10769453.777778;14851256;1.379017
10500806.000000;14851256;1.414297
