cycles;flops;flops/cycle
26049419767.000000;37692588386;1.446965
26021802359.000000;37692588386;1.448500
