cycles;flops;flops/cycle
1013781201.000000;1478750424;1.458648
1037597831.000000;1478750424;1.425167
