cycles;flops;flops/cycle
200815374056.000000;275306513318;1.370943
210804346588.000000;275306513318;1.305981
