cycles;flops;flops/cycle
82976671.000000;121410118;1.463184
82112974.000000;121410118;1.478574
