cycles;flops;flops/cycle
4127063.500000;14450008;3.501281
4140007.583333;14450008;3.490334
