cycles;flops;flops/cycle
555585.856287;1570322;2.826425
555449.185629;1570322;2.827121
