cycles;flops;flops/cycle
99663472536.000000;272384921002;2.733047
97245034864.000000;272384921002;2.801016
