cycles;flops;flops/cycle
450301927596.000000;1068874448042;2.373684
447985050426.000000;1068874448042;2.385960
