cycles;flops;flops/cycle
422404643.000000;1442331684;3.414573
421548725.000000;1442331684;3.421506
