cycles;flops;flops/cycle
10754733356.000000;36610967146;3.404172
10956324870.000000;36610967146;3.341537
