cycles;flops;flops/cycle
31517887.000000;118488094;3.759392
31285668.000000;118488094;3.787296
