cycles;flops;flops/cycle
1289413168536.000000;275306513318;0.213513
1280586738870.000000;275306513318;0.214985
