cycles;flops;flops/cycle
6505083885.000000;1478750424;0.227322
6514331093.000000;1478750424;0.227000
