cycles;flops;flops/cycle
163975779133.000000;37692588386;0.229867
163956421747.000000;37692588386;0.229894
