cycles;flops;flops/cycle
37532365.000000;186326041;4.964410
37460089.000000;186326041;4.973988
