cycles;flops;flops/cycle
14461183112.000000;66512252323;4.599365
14532499640.000000;66512252323;4.576794
