cycles;flops;flops/cycle
492516444.000000;2353884510;4.779301
504033186.000000;2353884510;4.670098
