cycles;flops;flops/cycle
166278672.000000;182369870;1.096772
159777092.000000;182369870;1.141402
