cycles;flops;flops/cycle
22508864.500000;24974712;1.109550
22494887.500000;24974712;1.110239
