cycles;flops;flops/cycle
501601628034.000000;531958185750;1.060519
499862352374.000000;531958185750;1.064209
