cycles;flops;flops/cycle
2811340.342857;2952066;1.050056
2813459.828571;2952066;1.049265
