cycles;flops;flops/cycle
1904558004768.000000;2107465483402;1.106538
1908021804356.000000;2107465483402;1.104529
