cycles;flops;flops/cycle
2050131720.000000;2300104800;1.121930
2047977289.000000;2300104800;1.123111
