cycles;flops;flops/cycle
28164845784.000000;37692588386;1.338285
28169439938.000000;37692588386;1.338067
