cycles;flops;flops/cycle
11675712.500000;14851256;1.271979
11681641.500000;14851256;1.271333
