cycles;flops;flops/cycle
1397211.681159;1617930;1.157971
1394195.942029;1617930;1.160475
