cycles;flops;flops/cycle
1122468825.000000;1478750424;1.317409
1111958634.000000;1478750424;1.329861
