cycles;flops;flops/cycle
1094866935478.000000;1072028070578;0.979140
1093843086896.000000;1072028070578;0.980057
