cycles;flops;flops/cycle
143956963068.000000;537662753955;3.734885
137603167716.000000;537662753955;3.907343
144415107784.000000;537662753955;3.723037
