cycles;flops;flops/cycle
590985746264.000000;2113669783715;3.576516
590585596786.000000;2113669783715;3.578939
590203769296.000000;2113669783715;3.581254
