cycles;flops;flops/cycle
37983231.000000;186326041;4.905482
37896934.000000;186326041;4.916652
37985891.000000;186326041;4.905138
