cycles;flops;flops/cycle
792259.961905;3042447;3.840213
786608.000000;3042447;3.867806
782682.019048;3042447;3.887207
