cycles;flops;flops/cycle
517016497.000000;2353884510;4.552823
509774255.000000;2353884510;4.617504
513823332.000000;2353884510;4.581116
