cycles;flops;flops/cycle
14497277840.000000;66512252323;4.587913
14485228188.000000;66512252323;4.591730
14469243740.000000;66512252323;4.596802
