cycles;flops;flops/cycle
39934746.000000;186326041;4.665763
39532319.000000;186326041;4.713259
