cycles;flops;flops/cycle
538520727.000000;2353884510;4.371019
558778774.000000;2353884510;4.212552
