cycles;flops;flops/cycle
32161070687.000000;37692588386;1.171994
32137888266.000000;37692588386;1.172840
