cycles;flops;flops/cycle
263502776208.000000;275306513318;1.044795
272243534210.000000;275306513318;1.011251
