cycles;flops;flops/cycle
1173643123622.000000;1072028070578;0.913419
1174134528772.000000;1072028070578;0.913037
