cycles;flops;flops/cycle
13087380.285714;14851256;1.134777
13846692.857143;14851256;1.072549
