cycles;flops;flops/cycle
1553730.870968;1617930;1.041319
1556052.967742;1617930;1.039765
