cycles;flops;flops/cycle
292768948876.000000;275306513318;0.940354
302154030934.000000;275306513318;0.911146
