cycles;flops;flops/cycle
9550132.400000;14851256;1.555084
9635297.200000;14851256;1.541339
