cycles;flops;flops/cycle
23178579376.000000;37692588386;1.626182
23161899574.000000;37692588386;1.627353
