cycles;flops;flops/cycle
188235511110.000000;275306513318;1.462564
193998962150.000000;275306513318;1.419113
