cycles;flops;flops/cycle
1874399444.000000;1478750424;0.788920
1876575300.000000;1478750424;0.788005
