cycles;flops;flops/cycle
2386927.700000;1617930;0.677829
2375817.250000;1617930;0.680999
