cycles;flops;flops/cycle
50517130060.000000;37692588386;0.746135
50458408305.000000;37692588386;0.747003
