cycles;flops;flops/cycle
1334319873928.000000;1072028070578;0.803427
1327210155626.000000;1072028070578;0.807730
