cycles;flops;flops/cycle
74856095.000000;121410118;1.621914
74610045.000000;121410118;1.627262
