cycles;flops;flops/cycle
150353062.000000;121410118;0.807500
150176850.000000;121410118;0.808448
