cycles;flops;flops/cycle
1164492.731707;1617930;1.389386
1161812.414634;1617930;1.392591
