cycles;flops;flops/cycle
19787559.200000;14851256;0.750535
19765564.000000;14851256;0.751370
