cycles;flops;flops/cycle
147826270508.000000;537662753955;3.637126
150047122002.000000;537662753955;3.583293
