cycles;flops;flops/cycle
491038364.000000;2353884510;4.793688
491452716.000000;2353884510;4.789646
