cycles;flops;flops/cycle
587965676966.000000;2113669783715;3.594886
587721233472.000000;2113669783715;3.596382
