cycles;flops;flops/cycle
5629595.647059;25644372;4.555278
5620652.352941;25644372;4.562526
