cycles;flops;flops/cycle
14642506445.000000;66512252323;4.542409
14778325279.000000;66512252323;4.500662
