cycles;flops;flops/cycle
18532358.800000;24974712;1.347627
18535447.200000;24974712;1.347403
