cycles;flops;flops/cycle
1701795157.000000;2300104800;1.351576
1710936933.000000;2300104800;1.344354
