cycles;flops;flops/cycle
956684620530.000000;1072028070578;1.120566
957712900764.000000;1072028070578;1.119363
