cycles;flops;flops/cycle
911971779.000000;1478750424;1.621487
908912268.000000;1478750424;1.626945
