cycles;flops;flops/cycle
1871748.862745;2952066;1.577170
1871368.039216;2952066;1.577491
