cycles;flops;flops/cycle
302159005660.000000;531958185750;1.760524
304267089018.000000;531958185750;1.748326
