cycles;flops;flops/cycle
1300995528.000000;2300104800;1.767957
1294997767.000000;2300104800;1.776146
