cycles;flops;flops/cycle
5288950.555556;3042447;0.575246
5369220.000000;3042447;0.566646
