cycles;flops;flops/cycle
278722009.000000;186326041;0.668501
277519612.000000;186326041;0.671398
