cycles;flops;flops/cycle
106813106324.000000;66512252323;0.622697
106386563948.000000;66512252323;0.625194
