cycles;flops;flops/cycle
3687791177.000000;2353884510;0.638291
3614835641.000000;2353884510;0.651173
