cycles;flops;flops/cycle
11008050.222222;14851256;1.349127
11063467.777778;14851256;1.342369
