cycles;flops;flops/cycle
26416001286.000000;37692588386;1.426885
26429638715.000000;37692588386;1.426148
