cycles;flops;flops/cycle
217540151688.000000;275306513318;1.265543
227615137436.000000;275306513318;1.209526
