cycles;flops;flops/cycle
1061710793948.000000;1072028070578;1.009718
1064330821368.000000;1072028070578;1.007232
