cycles;flops;flops/cycle
1309406.483871;1617930;1.235621
1300828.290323;1617930;1.243769
