cycles;flops;flops/cycle
29754756754.000000;37692588386;1.266775
30412150007.000000;37692588386;1.239392
