cycles;flops;flops/cycle
1469160.575758;1617930;1.101262
1424329.787879;1617930;1.135924
