cycles;flops;flops/cycle
96313254.000000;121410118;1.260575
94941446.000000;121410118;1.278789
