cycles;flops;flops/cycle
275550260164.000000;275306513318;0.999115
319258005464.000000;275306513318;0.862332
