cycles;flops;flops/cycle
1998020077484.000000;1072028070578;0.536545
1866212055440.000000;1072028070578;0.574441
