cycles;flops;flops/cycle
1198369973.000000;1478750424;1.233968
1198241801.000000;1478750424;1.234100
