cycles;flops;flops/cycle
12286382.500000;14851256;1.208757
11844181.000000;14851256;1.253886
