cycles;flops;flops/cycle
18625652012.000000;27393886046;1.470761
18585828368.000000;27393886046;1.473913
18605094558.000000;27393886046;1.472386
