cycles;flops;flops/cycle
146525544.000000;213649510;1.458104
144507332.000000;213649510;1.478468
144931968.000000;213649510;1.474137
