cycles;flops;flops/cycle
1480787.666667;1844778;1.245809
