cycles;flops;flops/cycle
1309143242.000000;1924175532;1.469798
1310069536.000000;1924175532;1.468758
1309094624.000000;1924175532;1.469852
