cycles;flops;flops/cycle
9685557.200000;14851256;1.533340
9534628.800000;14851256;1.557612
9661150.800000;14851256;1.537214
