cycles;flops;flops/cycle
958110545846.000000;1072028070578;1.118898
958429523258.000000;1072028070578;1.118526
958828796460.000000;1072028070578;1.118060
