cycles;flops;flops/cycle
1175531.903614;1617930;1.376339
1167056.313253;1617930;1.386334
1166090.337349;1617930;1.387483
