cycles;flops;flops/cycle
1178871336584.000000;1072028070578;0.909368
