cycles;flops;flops/cycle
75254705.000000;121410118;1.613323
74622460.000000;121410118;1.626992
74421818.000000;121410118;1.631378
