cycles;flops;flops/cycle
916008871.000000;1478750424;1.614341
912128502.000000;1478750424;1.621208
909106647.000000;1478750424;1.626597
