cycles;flops;flops/cycle
193127361944.000000;275306513318;1.425518
192691964132.000000;275306513318;1.428739
188005782180.000000;275306513318;1.464351
