cycles;flops;flops/cycle
23098941603.000000;37692588386;1.631789
23139485820.000000;37692588386;1.628929
23049683342.000000;37692588386;1.635276
