cycles;flops;flops/cycle
107206175270.000000;141055828670;1.315744
