cycles;flops;flops/cycle
7711490.000000;10962920;1.421634
7641601.166667;10962920;1.434637
7628165.833333;10962920;1.437163
