cycles;flops;flops/cycle
40725897.000000;25644372;0.629682
41142115.000000;25644372;0.623312
