cycles;flops;flops/cycle
3001078765838.000000;2113669783715;0.704303
3011891323452.000000;2113669783715;0.701775
