cycles;flops;flops/cycle
779285937772.000000;537662753955;0.689943
796552861222.000000;537662753955;0.674987
