cycles;flops;flops/cycle
2049922916910.000000;531958185750;0.259502
2040279149144.000000;531958185750;0.260728
