cycles;flops;flops/cycle
8678231551124.000000;2107465483402;0.242845
8816670326634.000000;2107465483402;0.239032
