cycles;flops;flops/cycle
680847216.000000;182369870;0.267857
679011343.000000;182369870;0.268581
