cycles;flops;flops/cycle
93161858.000000;24974712;0.268079
92954294.000000;24974712;0.268677
