cycles;flops;flops/cycle
11090204.000000;2952066;0.266187
11021577.000000;2952066;0.267844
