cycles;flops;flops/cycle
8593536175.000000;2300104800;0.267655
8647687208.000000;2300104800;0.265979
