cycles;flops;flops/cycle
301269311196.000000;531958185750;1.765723
302952044426.000000;531958185750;1.755915
