cycles;flops;flops/cycle
1302821853.000000;2300104800;1.765479
1291197295.000000;2300104800;1.781374
