cycles;flops;flops/cycle
99578693.000000;182369870;1.831415
98595173.000000;182369870;1.849684
