cycles;flops;flops/cycle
1848512.346154;2952066;1.596996
1848994.615385;2952066;1.596579
